Source,Dataset,ID,Cycle,Chemistry,Profile,FSI,KI,DoD_%,T_avg_C,T_stress_norm,C_peak_norm,DCSS,RBF,CVI,SoH_%,Q_Ah,Health_Label
External,Oxford_BMP,Oxford_BMP_C1,1,NMC,BMP,0.5492,0.5036,100.0,20.04,0.1983,0.4926,2.3004,4.5683,0.2584,100.0,17.2364,Healthy
External,Oxford_BMP,Oxford_BMP_C1,2,NMC,BMP,0.5547,0.5006,99.49,19.27,0.2291,0.4926,2.3915,4.7777,1.1656,99.49,17.1377,Healthy
External,Oxford_BMP,Oxford_BMP_C1,3,NMC,BMP,0.6943,0.595,99.4,17.98,0.2809,0.9852,3.6074,6.0627,1.434,99.4,17.1226,Healthy
External,Oxford_BMP,Oxford_BMP_C1,4,NMC,BMP,0.7383,0.7412,99.09,17.89,0.2846,0.9853,4.7617,6.4239,0.9433,99.09,17.069,Healthy
External,Oxford_BMP,Oxford_BMP_C1,5,NMC,BMP,0.7622,0.7791,99.04,16.62,0.3354,0.9853,4.4403,5.6996,0.2608,99.04,17.0606,Healthy
External,Oxford_BMP,Oxford_BMP_C1,6,NMC,BMP,0.5711,0.5085,98.82,17.7,0.2918,0.4926,1.5516,3.0514,0.2327,98.82,17.0232,Healthy
External,Oxford_BMP,Oxford_BMP_C1,7,NMC,BMP,0.5033,0.4598,98.71,19.71,0.2115,0.3284,1.2033,2.6171,0.2471,98.71,17.003,Healthy
External,Oxford_BMP,Oxford_BMP_C1,8,NMC,BMP,0.5727,0.5699,98.56,19.31,0.2274,0.4926,1.6904,2.9661,0.2424,98.56,16.9779,Healthy
External,Oxford_BMP,Oxford_BMP_C1,9,NMC,BMP,0.6978,0.6715,98.47,19.68,0.2126,0.9853,2.7522,4.0983,0.2496,98.47,16.9619,Healthy
External,Oxford_BMP,Oxford_BMP_C1,10,NMC,BMP,0.7314,0.7803,97.86,19.44,0.2223,0.9853,3.8079,4.8801,0.2625,97.86,16.8567,Healthy
External,Oxford_BMP,Oxford_BMP_C1,11,NMC,BMP,0.5306,0.4686,97.69,20.27,0.189,0.4926,1.8884,4.0303,0.2748,97.69,16.8273,Healthy
External,Oxford_BMP,Oxford_BMP_C1,12,NMC,BMP,0.5332,0.4524,97.53,19.49,0.2206,0.4926,1.8445,4.0774,0.2635,97.53,16.7994,Healthy
External,Oxford_BMP,Oxford_BMP_C2,1,NMC,BMP,0.5488,0.5017,100.0,20.0,0.1999,0.4916,2.3117,4.6077,0.2583,100.0,17.2642,Healthy
External,Oxford_BMP,Oxford_BMP_C2,2,NMC,BMP,0.5546,0.506,99.46,19.42,0.2231,0.4916,2.4258,4.7939,1.1734,99.46,17.168,Healthy
External,Oxford_BMP,Oxford_BMP_C2,3,NMC,BMP,0.6948,0.5993,99.41,18.01,0.2795,0.9832,3.6321,6.0604,1.4321,99.41,17.1599,Healthy
External,Oxford_BMP,Oxford_BMP_C2,4,NMC,BMP,0.7396,0.7463,99.05,17.85,0.2859,0.9832,4.7774,6.4017,0.9511,99.05,17.0977,Healthy
External,Oxford_BMP,Oxford_BMP_C2,5,NMC,BMP,0.7529,0.7951,99.05,17.98,0.2806,0.9832,4.5041,5.6647,0.2625,99.05,17.0969,Healthy
External,Oxford_BMP,Oxford_BMP_C2,6,NMC,BMP,0.5714,0.5008,98.8,17.41,0.3034,0.4916,1.5119,3.0189,0.2334,98.8,17.0538,Healthy
External,Oxford_BMP,Oxford_BMP_C2,7,NMC,BMP,0.5009,0.4339,98.67,19.15,0.2339,0.3277,1.1169,2.5738,0.2494,98.67,17.0317,Healthy
External,Oxford_BMP,Oxford_BMP_C2,8,NMC,BMP,0.5868,0.5687,98.49,17.84,0.2865,0.4916,1.6716,2.9394,0.2412,98.49,17.0012,Healthy
External,Oxford_BMP,Oxford_BMP_C2,9,NMC,BMP,0.7249,0.6763,98.46,17.08,0.317,0.9832,2.764,4.0868,0.2454,98.46,16.996,Healthy
External,Oxford_BMP,Oxford_BMP_C2,10,NMC,BMP,0.747,0.7887,97.95,18.11,0.2756,0.9832,3.9063,4.9532,0.2593,97.95,16.9079,Healthy
External,Oxford_BMP,Oxford_BMP_C2,11,NMC,BMP,0.5518,0.4632,97.73,17.98,0.2808,0.4916,1.8811,4.0608,0.274,97.73,16.8703,Healthy
External,Oxford_BMP,Oxford_BMP_C2,12,NMC,BMP,0.563,0.4516,97.56,16.47,0.3413,0.4916,1.8562,4.1103,0.2632,97.56,16.8402,Healthy
External,Oxford_BMR,Oxford_BMR_C1,1,NMC,BMR,0.7421,0.302,99.54,11.79,0.5284,1.353,4.385,14.5205,0.5875,99.54,17.1464,Healthy
External,Oxford_BMR,Oxford_BMR_C1,2,NMC,BMR,0.7347,0.3153,98.88,11.71,0.5314,1.3002,4.4767,14.1982,1.1583,98.88,17.0325,Healthy
External,Oxford_BMR,Oxford_BMR_C1,3,NMC,BMR,0.765,0.3472,98.07,11.47,0.5412,1.4018,4.8267,13.9028,1.4306,98.07,16.8939,Healthy
External,Oxford_BMR,Oxford_BMR_C1,4,NMC,BMR,0.7708,0.3979,97.3,11.08,0.5569,1.3447,5.2507,13.1965,1.0646,97.3,16.76,Healthy
External,Oxford_BMR,Oxford_BMR_C1,5,NMC,BMR,0.797,0.4165,96.31,10.67,0.5732,1.4398,5.4351,13.0505,0.6178,96.31,16.5899,Healthy
External,Oxford_BMR,Oxford_BMR_C1,6,NMC,BMR,0.78,0.4342,95.12,11.0,0.5602,1.3597,5.6639,13.0458,0.6205,95.12,16.3847,Healthy
External,Oxford_BMR,Oxford_BMR_C1,7,NMC,BMR,0.7773,0.4556,93.69,11.85,0.526,1.3742,5.7939,12.7168,0.6246,93.69,16.139,Healthy
External,Oxford_BMR,Oxford_BMR_C1,8,NMC,BMR,0.7698,0.4613,92.2,11.84,0.5265,1.3464,5.8042,12.5828,0.6263,92.2,15.8818,Healthy
External,Oxford_BMR,Oxford_BMR_C1,9,NMC,BMR,0.7706,0.475,91.0,12.35,0.5062,1.3703,5.8087,12.2288,0.6254,91.0,15.6745,Healthy
External,Oxford_BMR,Oxford_BMR_C1,10,NMC,BMR,0.7611,0.4855,88.83,12.43,0.5026,1.3384,5.9131,12.1799,0.6254,88.83,15.3015,Degraded
External,Oxford_BMR,Oxford_BMR_C1,11,NMC,BMR,0.7442,0.4803,87.35,12.14,0.5145,1.2656,5.7906,12.057,0.6265,87.35,15.0473,Degraded
External,Oxford_BMR,Oxford_BMR_C1,12,NMC,BMR,0.7683,0.4919,85.97,12.0,0.5198,1.3793,5.8297,11.8518,0.6229,85.97,14.8082,Degraded
External,Oxford_BMR,Oxford_BMR_C2,1,NMC,BMR,0.7442,0.2969,99.63,11.42,0.5431,1.3513,4.331,14.5891,0.5867,99.63,17.1664,Healthy
External,Oxford_BMR,Oxford_BMR_C2,2,NMC,BMR,0.7747,0.3087,98.96,7.55,0.6978,1.3013,4.3941,14.2355,1.1714,98.96,17.0499,Healthy
External,Oxford_BMR,Oxford_BMR_C2,3,NMC,BMR,0.7681,0.3381,98.28,11.0,0.5602,1.4044,4.7265,13.9778,1.4296,98.28,16.9336,Healthy
External,Oxford_BMR,Oxford_BMR_C2,4,NMC,BMR,0.7656,0.3844,97.35,11.2,0.552,1.3446,5.144,13.3831,1.064,97.35,16.7737,Healthy
External,Oxford_BMR,Oxford_BMR_C2,5,NMC,BMR,0.793,0.4066,95.96,10.71,0.5714,1.4414,5.3527,13.1639,0.618,95.96,16.5342,Healthy
External,Oxford_BMR,Oxford_BMR_C2,6,NMC,BMR,0.7773,0.4372,94.61,11.25,0.5498,1.3605,5.6594,12.9436,0.6233,94.61,16.3019,Healthy
External,Oxford_BMR,Oxford_BMR_C2,7,NMC,BMR,0.832,0.4823,93.02,6.8,0.728,1.3639,6.0141,12.4709,0.5927,93.02,16.028,Healthy
External,Oxford_BMR,Oxford_BMR_C2,8,NMC,BMR,0.8225,0.4612,91.46,6.39,0.7445,1.347,5.8818,12.7537,0.5867,91.46,15.7589,Healthy
External,Oxford_BMR,Oxford_BMR_C2,9,NMC,BMR,0.7778,0.478,89.55,11.35,0.546,1.3702,5.8682,12.2766,0.6188,89.55,15.4286,Degraded
External,Oxford_BMR,Oxford_BMR_C2,10,NMC,BMR,0.7632,0.5036,87.98,12.53,0.4989,1.3374,5.9912,11.8961,0.6322,87.98,15.158,Degraded
External,Oxford_BMR,Oxford_BMR_C2,11,NMC,BMR,0.7394,0.492,86.42,12.76,0.4898,1.2665,5.8272,11.8445,0.633,86.42,14.8899,Degraded
External,Oxford_BMR,Oxford_BMR_C2,12,NMC,BMR,0.763,0.5024,85.15,12.65,0.4941,1.3792,5.8995,11.7417,0.6309,85.15,14.6709,Degraded
External,Oxford_SPM,Oxford_SPM_C1,1,NMC,SPM,0.8257,0.9737,100.0,19.44,0.2223,1.1402,4.7393,4.8671,0.2167,100.0,17.2407,Healthy
External,Oxford_SPM,Oxford_SPM_C1,2,NMC,SPM,0.831,0.9658,99.79,17.02,0.3193,1.0598,4.294,4.4461,1.0379,99.79,17.1462,Healthy
External,Oxford_SPM,Oxford_SPM_C1,3,NMC,SPM,0.889,1.0788,99.62,17.75,0.2901,1.2191,5.1989,4.8193,1.3231,99.62,17.1164,Healthy
External,Oxford_SPM,Oxford_SPM_C1,4,NMC,SPM,0.8805,1.0385,99.73,17.59,0.2962,1.2277,4.8092,4.6308,0.8835,99.73,17.1353,Healthy
External,Oxford_SPM,Oxford_SPM_C1,5,NMC,SPM,0.8785,0.9701,99.73,17.14,0.3143,1.2976,4.3727,4.5073,0.3442,99.73,17.136,Healthy
External,Oxford_SPM,Oxford_SPM_C1,6,NMC,SPM,0.7778,0.9045,99.61,17.32,0.3073,0.903,3.4421,3.8053,0.3677,99.61,17.1155,Healthy
External,Oxford_SPM,Oxford_SPM_C1,7,NMC,SPM,0.7997,0.9523,99.48,17.81,0.2875,0.9672,3.2659,3.4295,0.3636,99.48,17.092,Healthy
External,Oxford_SPM,Oxford_SPM_C1,8,NMC,SPM,0.8247,0.9266,99.4,17.14,0.3145,1.098,3.7542,4.0516,0.3524,99.4,17.0783,Healthy
External,Oxford_SPM,Oxford_SPM_C1,9,NMC,SPM,0.8402,0.9543,99.01,17.02,0.3193,1.1327,4.8397,5.0716,0.4039,99.01,17.0124,Healthy
External,Oxford_SPM,Oxford_SPM_C1,10,NMC,SPM,0.8579,1.0061,98.81,17.52,0.2992,1.1712,4.3105,4.2842,0.4093,98.81,16.9769,Healthy
External,Oxford_SPM,Oxford_SPM_C1,11,NMC,SPM,0.8356,0.9553,98.55,16.58,0.337,1.0917,4.4614,4.6703,0.4086,98.55,16.9335,Healthy
External,Oxford_SPM,Oxford_SPM_C1,12,NMC,SPM,0.838,0.9436,98.35,16.57,0.3372,1.1237,4.4755,4.7429,0.4273,98.35,16.8988,Healthy
External,Oxford_SPM,Oxford_SPM_C2,1,NMC,SPM,0.8257,0.9693,100.0,19.35,0.226,1.142,4.7651,4.9159,0.2189,100.0,17.205,Healthy
External,Oxford_SPM,Oxford_SPM_C2,2,NMC,SPM,0.8296,0.9635,99.75,17.12,0.3151,1.0617,4.3069,4.4699,1.0515,99.75,17.1096,Healthy
External,Oxford_SPM,Oxford_SPM_C2,3,NMC,SPM,0.8855,1.08,99.45,18.13,0.2749,1.221,5.2788,4.888,1.3464,99.45,17.0589,Healthy
External,Oxford_SPM,Oxford_SPM_C2,4,NMC,SPM,0.8782,1.0526,99.75,18.29,0.2682,1.2301,4.9547,4.707,0.8865,99.75,17.1097,Healthy
External,Oxford_SPM,Oxford_SPM_C2,5,NMC,SPM,0.8794,0.9707,99.58,17.08,0.3168,1.3001,4.3462,4.4772,0.3492,99.58,17.0805,Healthy
External,Oxford_SPM,Oxford_SPM_C2,6,NMC,SPM,0.7828,0.9221,99.52,17.35,0.3058,0.9046,3.4533,3.7448,0.3537,99.52,17.0696,Healthy
External,Oxford_SPM,Oxford_SPM_C2,7,NMC,SPM,0.7941,0.968,99.39,18.25,0.2701,0.9383,3.1429,3.2468,0.3475,99.39,17.0476,Healthy
External,Oxford_SPM,Oxford_SPM_C2,8,NMC,SPM,0.8256,0.9542,99.28,17.87,0.2851,1.0995,3.7213,3.9,0.3367,99.28,17.0298,Healthy
External,Oxford_SPM,Oxford_SPM_C2,9,NMC,SPM,0.8333,0.9385,98.91,17.24,0.3102,1.1347,4.8413,5.1588,0.3912,98.91,16.9656,Healthy
External,Oxford_SPM,Oxford_SPM_C2,10,NMC,SPM,0.8587,1.0179,98.78,17.82,0.2871,1.1731,4.379,4.3021,0.3971,98.78,16.944,Healthy
External,Oxford_SPM,Oxford_SPM_C2,11,NMC,SPM,0.8387,0.9889,98.46,17.29,0.3086,1.0935,4.6053,4.6571,0.4036,98.46,16.8885,Healthy
External,Oxford_SPM,Oxford_SPM_C2,12,NMC,SPM,0.8353,0.9644,98.23,17.47,0.301,1.1255,4.6678,4.8402,0.4225,98.23,16.8497,Healthy
